N,MSE_plus,MSE_minus,MSE_combined
8000,0.118995,0.207245,0.163120
12000,0.121417,0.214303,0.167860
16000,0.123280,0.222539,0.172909
20000,0.121589,0.217620,0.169604
