{
  "N": 12000,
  "coefficients_real": [
    -11023.232821213334,
    3642.917695393135,
    2664.3153320053193,
    -273.09464362666813,
    -1144.9192909072149,
    142.09927683881833
  ],
  "coefficients_imag": [
    -4.417092340618819e-05,
    1.592833196758833e-05,
    1.5336642725776704e-05,
    -1.2472754345900852e-06,
    -6.829317695093511e-06,
    1.210996850348993e-06
  ],
  "mse_weighted": 0.9713556735053203,
  "norm_a": 6.6526501751145295,
  "T_max": 160.0,
  "T_points": 240,
  "Tw": 120.0
}