{
  "N": 12000,
  "basis_names": [
    "mu_bump",
    "mu_log_bump",
    "mu_lin_bump",
    "mu_log2_bump",
    "mu_quad_bump",
    "mu_cos_bump",
    "mu_log3_bump",
    "mu_cubic_bump",
    "mu_sin_bump",
    "mu_cos2_bump"
  ],
  "coefficients_real": [
    330464.3978359121,
    -135702.46750379202,
    35381.42807202512,
    19481.58807394141,
    2974.6167060063185,
    3324.0862678569874,
    -950.1510336470016,
    -18959.220384897795,
    1223.722476281219,
    -33.49476180306098
  ],
  "coefficients_imag": [
    -2575.6646794575026,
    1039.976651946445,
    -404.8972077099277,
    -168.04963932924107,
    404.29894094860856,
    33.04885582800736,
    9.417906559792792,
    -302.433255219955,
    47.312680736937274,
    1.3639385773296104
  ],
  "mse_weighted": 0.9468103757145003,
  "norm_a": 10.083679810841828,
  "T_max": 160.0,
  "T_points": 240,
  "Tw": 120.0
}