{
  "N": 12000,
  "coefficients_real": [
    -0.8708923231055162,
    0.3384208433542306,
    -3.845739923164685,
    -0.026600836920933325,
    -2.6115008382610063,
    -1.217177059772744
  ],
  "coefficients_imag": [
    -3.584301449818904e-13,
    5.556590505922807e-12,
    1.5434384989856594e-11,
    -6.338688501298508e-13,
    -9.575850622900078e-12,
    1.3860727808092642e-12
  ],
  "mse_weighted_ridge": 0.9939956221290867,
  "norm_a": 3.3983292676143044,
  "T_max": 160.0,
  "T_points": 240,
  "Tw": 120.0,
  "lambda": 0.001
}