{
  "N": 16000,
  "coefficients_real": [
    0.4465183436290656,
    -0.30834993246328707,
    4.160809578532794,
    0.028297802975947372,
    4.236273589420617,
    1.6080632328539604
  ],
  "coefficients_imag": [
    2.1188156716714676e-11,
    -7.583278359943889e-12,
    -6.921144533448086e-12,
    5.814421337607304e-13,
    2.9242861647740545e-12,
    -3.5546306807471097e-13
  ],
  "mse_weighted_ridge": 0.993101456708673,
  "norm_a": 3.688888244883981,
  "T_max": 160.0,
  "T_points": 240,
  "Tw": 120.0,
  "lambda": 0.001
}