{
  "N": 8000,
  "coefficients_real": [
    -1950.8989368026441,
    815.0091228727292,
    997.959763049838,
    -69.90267254361699,
    -422.5223280707638,
    99.32644992306061
  ],
  "coefficients_imag": [
    -1.8969201354000777e-06,
    6.677615293342294e-07,
    5.017318869416079e-07,
    -5.293590770793417e-08,
    -2.1068686820903144e-07,
    2.5753363801049056e-08
  ],
  "mse_weighted": 0.9347312956181051,
  "norm_a": 12.823442841356579,
  "T_max": 160.0,
  "T_points": 240,
  "Tw": 120.0
}