{
  "N": 16000,
  "coefficients_real": [
    -977.2758690997991,
    324.9082566036802,
    283.6474628239849,
    -24.053115097960795,
    -118.03300836819852,
    22.1172035877215
  ],
  "coefficients_imag": [
    -4.089267412911906e-06,
    1.241630998670457e-06,
    7.487610958231175e-07,
    -8.752711391819215e-08,
    -3.1227148828059986e-07,
    2.6875605938922554e-08
  ],
  "mse_weighted": 0.9921631250877377,
  "norm_a": 4.486165775362335,
  "T_max": 160.0,
  "T_points": 240,
  "Tw": 120.0
}