N,M,ratio,Sum_a2,Eoff,target_1_over_logN
200,-2.3319,0.1725,1.2998,0.2242,0.18873916581775485
500,-1.9112,0.1063,1.2615,0.1341,0.1609111924940025
