intercept (a),slope (b),theta,R^2
-1.0082718076477266,-0.33049974952101374,0.33049974952101374,0.7853239257316597
