N,MSE,CI_low,CI_high
8000,35.285378,26.424512,46.139934
12000,23.625752,16.040673,30.012283
16000,20.994283,14.369406,27.561137
20000,17.06375,11.235241,22.808325
