{
  "alpha": -2.888019579342821,
  "beta": 0.4917308543204464,
  "theta": -0.4917308543204464,
  "r2": 0.7187816839005889
}