N,MSE_plus,MSE_minus,MSE_star
8000,0.118,0.208,0.16299999999999998
12000,0.121,0.214,0.16749999999999998
16000,0.123,0.223,0.173
20000,0.122,0.218,0.16999999999999998
