alpha,theta,theta_95CI_low,theta_95CI_high,n_points
0.9879795944670563,1.0366077561188591,0.7094689993582344,1.363746512879484,4
