N,MSE_plus,MSE_minus,MSE_combined
8000,0.175609,0.379971,0.27779
12000,0.164374,0.354868,0.259621
16000,0.161496,0.350548,0.256022
20000,0.158048,0.342948,0.250498
