a (intercept),b (slope),theta,R^2
-1.0999640963041046,-0.29188569192694974,0.29188569192694974,0.6737326995603762
