N,MSE,CI_low,CI_high
8000,0.16312,0.118995,0.207245
12000,0.16786,0.121417,0.214303
16000,0.172909,0.12328,0.222539
20000,0.169604,0.121589,0.21762
