alpha,theta,theta_se,theta_95CI_low,theta_95CI_high,n_points
19.372350481096394,7.2101845297927385,0.7342212235108272,5.771110931711517,8.64925812787396,4
